,starcoder2-7b,phi-2,CodeQwen1.5-7B,phi-1_5,phi-1,codegemma-2b,codegemma-7b,deepseek-coder-6.7b-base,deepseek-coder-1.3b-base,granite-3b-code-base,Meta-Llama-3.1-8B,stable-code-3b,starcoder2-3b,granite-8b-code-base,granite-20b-code-base
0,variation,code_error,variation,incomplete_generation,variation,variation,variation,variation,variation,variation,variation,variation,variation,variation,variation
1,c4-clone,variation,c4-clone,incomplete_generation,variation,code_error,c4-clone,c4-clone,c4-clone,variation,variation,code_error,variation,c4-clone,c4-clone
2,variation,variation,c4-clone,code_error,variation,c4-clone,code_error,variation,c4-clone,c4-clone,code_error,c4-clone,variation,c4-clone,variation
3,variation,variation,variation,code_error,code_error,code_error,code_error,c4-clone,variation,c4-clone,variation,variation,variation,variation,variation
4,variation,variation,variation,variation,incomplete_generation,variation,variation,code_error,variation,variation,code_error,code_error,variation,variation,variation
5,variation,code_error,variation,code_error,code_error,variation,variation,variation,variation,variation,variation,variation,variation,variation,variation
6,variation,incomplete_generation,incomplete_generation,code_error,code_error,variation,variation,incomplete_generation,variation,incomplete_generation,incomplete_generation,variation,variation,incomplete_generation,incomplete_generation
7,variation,variation,c4-clone,variation,code_error,variation,code_error,variation,incomplete_generation,c4-clone,variation,variation,variation,c4-clone,variation
8,variation,incomplete_generation,variation,incomplete_generation,code_error,code_error,incomplete_generation,code_error,incomplete_generation,code_error,variation,variation,variation,incomplete_generation,variation
9,code_error,variation,single_color,incomplete_generation,code_error,incomplete_generation,code_error,code_error,incomplete_generation,code_error,incomplete_generation,single_color,incomplete_generation,single_color,code_error
10,variation,variation,variation,code_error,variation,variation,variation,code_error,variation,variation,variation,variation,code_error,variation,variation
11,variation,incomplete_generation,variation,incomplete_generation,variation,code_error,variation,code_error,incomplete_generation,code_error,incomplete_generation,incomplete_generation,variation,variation,variation
12,variation,code_error,incomplete_generation,code_error,code_error,code_error,incomplete_generation,incomplete_generation,variation,incomplete_generation,incomplete_generation,incomplete_generation,code_error,code_error,variation
13,incomplete_generation,incomplete_generation,incomplete_generation,incomplete_generation,code_error,incomplete_generation,incomplete_generation,code_error,incomplete_generation,code_error,variation,code_error,incomplete_generation,incomplete_generation,incomplete_generation
14,variation,incomplete_generation,variation,incomplete_generation,variation,variation,c1-clone,c1-clone,c1-clone,c1-clone,c1-clone,variation,variation,c1-clone,c0-clone
15,variation,variation,variation,incomplete_generation,code_error,variation,code_error,variation,variation,variation,variation,code_error,variation,variation,c4-clone
16,code_error,code_error,code_error,code_error,code_error,incomplete_generation,incomplete_generation,code_error,variation,variation,variation,code_error,code_error,code_error,incomplete_generation
17,variation,incomplete_generation,variation,variation,code_error,variation,variation,variation,variation,incomplete_generation,variation,variation,variation,variation,variation
18,variation,variation,code_error,code_error,code_error,variation,code_error,variation,variation,code_error,variation,variation,variation,code_error,code_error
19,code_error,incomplete_generation,incomplete_generation,variation,code_error,variation,variation,variation,variation,variation,incomplete_generation,variation,variation,code_error,code_error
20,code_error,incomplete_generation,variation,code_error,code_error,code_error,variation,variation,code_error,code_error,variation,code_error,variation,variation,variation
21,variation,code_error,variation,code_error,code_error,incomplete_generation,variation,variation,code_error,single_color,variation,variation,code_error,variation,incomplete_generation
22,variation,incomplete_generation,variation,code_error,code_error,incomplete_generation,variation,c0-clone,variation,variation,variation,variation,code_error,variation,variation
23,variation,incomplete_generation,incomplete_generation,code_error,variation,variation,variation,incomplete_generation,variation,incomplete_generation,incomplete_generation,variation,variation,incomplete_generation,incomplete_generation
24,incomplete_generation,code_error,c0-clone,incomplete_generation,code_error,code_error,code_error,c0-clone,c4-clone,code_error,single_color,variation,code_error,c4-clone,c4-clone
25,incomplete_generation,code_error,variation,code_error,code_error,incomplete_generation,single_color,incomplete_generation,incomplete_generation,incomplete_generation,incomplete_generation,variation,code_error,incomplete_generation,incomplete_generation
26,code_error,code_error,variation,code_error,code_error,incomplete_generation,incomplete_generation,code_error,code_error,code_error,variation,variation,variation,code_error,code_error
27,incomplete_generation,incomplete_generation,code_error,code_error,code_error,incomplete_generation,incomplete_generation,incomplete_generation,incomplete_generation,incomplete_generation,incomplete_generation,code_error,incomplete_generation,code_error,incomplete_generation
28,code_error,code_error,code_error,code_error,code_error,code_error,code_error,code_error,code_error,code_error,code_error,code_error,code_error,variation,code_error
29,variation,variation,variation,variation,variation,variation,variation,variation,variation,variation,variation,variation,variation,variation,variation
30,c4-clone,c4-clone,c4-clone,incomplete_generation,incomplete_generation,c4-clone,code_error,c4-clone,c4-clone,c4-clone,code_error,c4-clone,c4-clone,incomplete_generation,c4-clone
31,code_error,incomplete_generation,incomplete_generation,incomplete_generation,code_error,incomplete_generation,incomplete_generation,code_error,code_error,incomplete_generation,code_error,code_error,incomplete_generation,code_error,code_error
32,variation,variation,variation,variation,variation,variation,variation,variation,variation,variation,variation,variation,variation,variation,variation
33,variation,code_error,variation,code_error,code_error,variation,variation,variation,variation,variation,variation,variation,variation,variation,variation
34,variation,code_error,variation,code_error,code_error,variation,variation,variation,variation,variation,variation,variation,variation,variation,variation
35,c1-clone,variation,c0-clone,variation,single_color,c0-clone,c1-clone,c0-clone,c0-clone,c0-clone,c1-clone,c1-clone,c1-clone,c0-clone,c0-clone
36,variation,code_error,c4-clone,incomplete_generation,incomplete_generation,c4-clone,c4-clone,c4-clone,c4-clone,variation,code_error,c4-clone,variation,c4-clone,c4-clone
37,single_color,variation,code_error,code_error,variation,code_error,variation,variation,variation,variation,variation,incomplete_generation,variation,variation,code_error
38,variation,variation,variation,variation,variation,single_color,variation,code_error,variation,variation,single_color,incomplete_generation,variation,variation,c2-clone
39,variation,incomplete_generation,c4-clone,code_error,variation,code_error,code_error,c4-clone,variation,variation,incomplete_generation,incomplete_generation,incomplete_generation,variation,variation
40,c1-clone,c1-clone,c1-clone,code_error,c4-clone,variation,c1-clone,c4-clone,c1-clone,c4-clone,c1-clone,c4-clone,c1-clone,c4-clone,c4-clone
41,incomplete_generation,code_error,code_error,code_error,code_error,code_error,code_error,code_error,incomplete_generation,incomplete_generation,single_color,code_error,code_error,code_error,incomplete_generation
42,incomplete_generation,code_error,code_error,incomplete_generation,code_error,code_error,code_error,code_error,code_error,incomplete_generation,code_error,incomplete_generation,incomplete_generation,code_error,code_error
43,code_error,code_error,code_error,incomplete_generation,code_error,code_error,code_error,code_error,code_error,code_error,code_error,code_error,code_error,code_error,code_error
44,code_error,incomplete_generation,single_color,variation,single_color,code_error,variation,variation,variation,c4-clone,code_error,variation,code_error,code_error,variation
45,incomplete_generation,code_error,incomplete_generation,code_error,code_error,incomplete_generation,variation,variation,variation,incomplete_generation,variation,variation,variation,incomplete_generation,incomplete_generation
46,variation,code_error,c4-clone,incomplete_generation,incomplete_generation,c4-clone,variation,c4-clone,c4-clone,variation,c4-clone,c4-clone,variation,c4-clone,c4-clone
47,c0-clone,c0-clone,c0-clone,c0-clone,c0-clone,code_error,c0-clone,c0-clone,c0-clone,c0-clone,c1-clone,c0-clone,c0-clone,c0-clone,c0-clone
48,c4-clone,single_color,c1-clone,single_color,single_color,variation,c1-clone,c1-clone,variation,code_error,c1-clone,c1-clone,variation,c1-clone,c1-clone
49,single_color,single_color,single_color,incomplete_generation,code_error,single_color,code_error,single_color,single_color,single_color,single_color,single_color,code_error,variation,variation
50,variation,variation,c1-clone,variation,variation,variation,variation,c1-clone,variation,variation,variation,variation,variation,variation,variation
51,variation,variation,code_error,code_error,code_error,code_error,incomplete_generation,code_error,code_error,code_error,code_error,code_error,incomplete_generation,code_error,incomplete_generation
52,code_error,incomplete_generation,incomplete_generation,code_error,code_error,incomplete_generation,code_error,code_error,code_error,code_error,code_error,code_error,code_error,code_error,code_error
53,incomplete_generation,incomplete_generation,incomplete_generation,incomplete_generation,code_error,incomplete_generation,code_error,incomplete_generation,incomplete_generation,incomplete_generation,incomplete_generation,incomplete_generation,incomplete_generation,code_error,incomplete_generation
54,code_error,incomplete_generation,code_error,incomplete_generation,code_error,incomplete_generation,code_error,code_error,code_error,incomplete_generation,incomplete_generation,code_error,incomplete_generation,incomplete_generation,variation
55,code_error,code_error,code_error,code_error,code_error,incomplete_generation,incomplete_generation,code_error,code_error,incomplete_generation,variation,code_error,incomplete_generation,code_error,code_error
56,incomplete_generation,incomplete_generation,incomplete_generation,incomplete_generation,code_error,incomplete_generation,code_error,incomplete_generation,code_error,incomplete_generation,code_error,code_error,incomplete_generation,incomplete_generation,code_error
57,c4-clone,code_error,c1-clone,incomplete_generation,code_error,c1-clone,c4-clone,c1-clone,c1-clone,c1-clone,code_error,c4-clone,c4-clone,c1-clone,c1-clone
58,variation,incomplete_generation,variation,code_error,code_error,incomplete_generation,variation,variation,variation,incomplete_generation,code_error,variation,incomplete_generation,variation,variation
59,c4-clone,variation,c4-clone,variation,code_error,variation,variation,c4-clone,variation,variation,variation,c4-clone,variation,c4-clone,c4-clone
60,code_error,incomplete_generation,single_color,code_error,code_error,variation,code_error,single_color,code_error,code_error,single_color,variation,code_error,variation,variation
61,incomplete_generation,incomplete_generation,incomplete_generation,incomplete_generation,code_error,code_error,code_error,code_error,incomplete_generation,incomplete_generation,code_error,code_error,incomplete_generation,code_error,incomplete_generation
62,variation,code_error,variation,incomplete_generation,code_error,single_color,code_error,code_error,code_error,incomplete_generation,incomplete_generation,variation,variation,incomplete_generation,variation
63,c2-clone,code_error,c2-clone,variation,code_error,c4-clone,c4-clone,c2-clone,c4-clone,c2-clone,c4-clone,c2-clone,c4-clone,c4-clone,c4-clone
64,c1-clone,variation,c0-clone,single_color,code_error,c4-clone,c0-clone,c0-clone,code_error,c4-clone,c1-clone,c1-clone,c1-clone,c1-clone,c0-clone
65,incomplete_generation,incomplete_generation,variation,code_error,code_error,incomplete_generation,incomplete_generation,code_error,variation,incomplete_generation,code_error,incomplete_generation,incomplete_generation,code_error,incomplete_generation
66,variation,variation,variation,code_error,incomplete_generation,variation,variation,variation,variation,variation,variation,variation,variation,incomplete_generation,variation
67,code_error,incomplete_generation,code_error,incomplete_generation,code_error,incomplete_generation,code_error,variation,code_error,incomplete_generation,code_error,incomplete_generation,incomplete_generation,incomplete_generation,code_error
68,code_error,incomplete_generation,code_error,code_error,code_error,code_error,code_error,code_error,code_error,code_error,incomplete_generation,incomplete_generation,code_error,code_error,code_error
69,variation,variation,variation,code_error,incomplete_generation,variation,variation,variation,code_error,variation,variation,variation,variation,variation,variation
70,incomplete_generation,incomplete_generation,incomplete_generation,code_error,incomplete_generation,incomplete_generation,incomplete_generation,variation,incomplete_generation,incomplete_generation,code_error,incomplete_generation,incomplete_generation,incomplete_generation,incomplete_generation
71,incomplete_generation,incomplete_generation,incomplete_generation,code_error,code_error,incomplete_generation,code_error,incomplete_generation,incomplete_generation,incomplete_generation,incomplete_generation,incomplete_generation,incomplete_generation,variation,code_error
72,incomplete_generation,incomplete_generation,incomplete_generation,incomplete_generation,code_error,code_error,code_error,code_error,variation,code_error,code_error,incomplete_generation,code_error,code_error,code_error
73,incomplete_generation,incomplete_generation,incomplete_generation,code_error,code_error,incomplete_generation,code_error,incomplete_generation,variation,variation,variation,incomplete_generation,code_error,variation,incomplete_generation
74,incomplete_generation,incomplete_generation,variation,incomplete_generation,code_error,incomplete_generation,variation,incomplete_generation,incomplete_generation,incomplete_generation,incomplete_generation,incomplete_generation,incomplete_generation,variation,incomplete_generation
75,incomplete_generation,incomplete_generation,incomplete_generation,code_error,code_error,incomplete_generation,code_error,code_error,incomplete_generation,incomplete_generation,incomplete_generation,variation,incomplete_generation,incomplete_generation,incomplete_generation
76,code_error,code_error,variation,code_error,variation,variation,code_error,variation,single_color,incomplete_generation,variation,code_error,incomplete_generation,variation,variation
77,variation,code_error,variation,variation,code_error,code_error,variation,variation,variation,variation,variation,variation,variation,variation,variation
78,code_error,incomplete_generation,variation,code_error,code_error,code_error,variation,variation,variation,code_error,variation,code_error,code_error,variation,variation
79,variation,incomplete_generation,variation,code_error,code_error,incomplete_generation,code_error,variation,variation,variation,incomplete_generation,variation,variation,variation,incomplete_generation
80,variation,variation,variation,code_error,code_error,variation,code_error,variation,variation,variation,variation,variation,code_error,variation,variation
81,code_error,code_error,variation,code_error,incomplete_generation,code_error,code_error,variation,variation,variation,variation,variation,code_error,variation,variation
82,variation,code_error,code_error,code_error,code_error,code_error,code_error,incomplete_generation,variation,variation,variation,variation,variation,variation,variation
83,variation,code_error,variation,code_error,variation,variation,variation,variation,variation,variation,incomplete_generation,variation,variation,variation,variation
84,code_error,incomplete_generation,single_color,code_error,code_error,single_color,code_error,c4-clone,incomplete_generation,variation,variation,code_error,single_color,c4-clone,c4-clone
85,incomplete_generation,incomplete_generation,code_error,code_error,variation,variation,variation,code_error,code_error,incomplete_generation,code_error,code_error,incomplete_generation,code_error,code_error
86,code_error,incomplete_generation,code_error,code_error,code_error,code_error,code_error,code_error,code_error,code_error,code_error,code_error,code_error,code_error,code_error
87,incomplete_generation,incomplete_generation,incomplete_generation,code_error,code_error,code_error,incomplete_generation,code_error,incomplete_generation,incomplete_generation,incomplete_generation,incomplete_generation,incomplete_generation,incomplete_generation,code_error
88,incomplete_generation,code_error,variation,incomplete_generation,code_error,incomplete_generation,code_error,code_error,variation,incomplete_generation,variation,code_error,code_error,code_error,code_error
89,code_error,code_error,code_error,code_error,code_error,code_error,code_error,code_error,code_error,code_error,code_error,code_error,code_error,code_error,code_error
90,code_error,code_error,code_error,incomplete_generation,code_error,incomplete_generation,code_error,code_error,code_error,code_error,incomplete_generation,code_error,code_error,code_error,code_error
91,code_error,code_error,code_error,code_error,code_error,incomplete_generation,code_error,code_error,code_error,code_error,incomplete_generation,code_error,code_error,code_error,code_error
92,code_error,code_error,variation,incomplete_generation,code_error,incomplete_generation,variation,variation,variation,code_error,variation,code_error,incomplete_generation,code_error,incomplete_generation
93,variation,incomplete_generation,variation,variation,code_error,variation,code_error,variation,variation,variation,code_error,variation,variation,code_error,code_error
94,code_error,code_error,code_error,code_error,code_error,variation,variation,variation,variation,code_error,code_error,code_error,code_error,code_error,variation
95,code_error,code_error,code_error,code_error,code_error,code_error,code_error,incomplete_generation,code_error,code_error,code_error,code_error,code_error,code_error,code_error
96,code_error,code_error,code_error,code_error,code_error,code_error,code_error,code_error,code_error,code_error,code_error,code_error,code_error,code_error,code_error
97,code_error,code_error,code_error,code_error,code_error,code_error,code_error,code_error,code_error,code_error,code_error,variation,code_error,code_error,code_error
98,code_error,code_error,code_error,code_error,code_error,code_error,code_error,code_error,code_error,code_error,code_error,c4-clone,code_error,code_error,code_error
99,code_error,code_error,code_error,code_error,code_error,code_error,code_error,code_error,code_error,code_error,code_error,code_error,code_error,code_error,code_error
100,variation,variation,variation,code_error,code_error,incomplete_generation,variation,variation,variation,code_error,variation,variation,variation,variation,code_error
101,incomplete_generation,incomplete_generation,code_error,code_error,variation,variation,variation,code_error,code_error,incomplete_generation,variation,incomplete_generation,incomplete_generation,variation,variation
102,incomplete_generation,incomplete_generation,code_error,variation,incomplete_generation,code_error,code_error,code_error,code_error,incomplete_generation,code_error,code_error,code_error,code_error,incomplete_generation
103,variation,incomplete_generation,variation,code_error,variation,variation,variation,variation,variation,variation,variation,variation,code_error,variation,variation
104,variation,incomplete_generation,variation,incomplete_generation,code_error,incomplete_generation,code_error,incomplete_generation,incomplete_generation,incomplete_generation,incomplete_generation,variation,incomplete_generation,variation,code_error
105,variation,code_error,c4-clone,incomplete_generation,code_error,incomplete_generation,variation,incomplete_generation,incomplete_generation,incomplete_generation,variation,variation,incomplete_generation,incomplete_generation,incomplete_generation
106,incomplete_generation,incomplete_generation,incomplete_generation,code_error,incomplete_generation,variation,incomplete_generation,variation,variation,variation,incomplete_generation,variation,incomplete_generation,variation,variation
107,variation,code_error,c2-clone,incomplete_generation,code_error,code_error,code_error,code_error,incomplete_generation,incomplete_generation,incomplete_generation,c4-clone,variation,c4-clone,variation
108,variation,incomplete_generation,code_error,incomplete_generation,incomplete_generation,code_error,variation,variation,variation,variation,incomplete_generation,variation,code_error,incomplete_generation,variation
109,code_error,code_error,variation,code_error,code_error,variation,variation,variation,variation,variation,code_error,variation,variation,code_error,variation
110,variation,incomplete_generation,variation,code_error,incomplete_generation,variation,variation,variation,variation,variation,variation,variation,variation,variation,variation
111,incomplete_generation,incomplete_generation,incomplete_generation,code_error,code_error,variation,variation,incomplete_generation,variation,variation,incomplete_generation,variation,code_error,variation,variation
112,variation,incomplete_generation,variation,variation,code_error,variation,variation,code_error,variation,variation,variation,variation,variation,variation,variation
113,incomplete_generation,incomplete_generation,variation,incomplete_generation,code_error,variation,variation,variation,variation,code_error,variation,variation,incomplete_generation,variation,variation
114,code_error,incomplete_generation,code_error,variation,code_error,code_error,code_error,code_error,variation,code_error,code_error,code_error,code_error,code_error,code_error
115,incomplete_generation,code_error,variation,code_error,code_error,code_error,code_error,variation,variation,code_error,code_error,variation,incomplete_generation,code_error,code_error
116,variation,code_error,variation,incomplete_generation,incomplete_generation,variation,variation,variation,variation,variation,variation,variation,variation,variation,variation
117,variation,incomplete_generation,variation,code_error,code_error,variation,code_error,code_error,variation,code_error,variation,code_error,variation,code_error,variation
118,code_error,incomplete_generation,code_error,incomplete_generation,code_error,code_error,code_error,code_error,code_error,code_error,code_error,code_error,code_error,code_error,code_error
119,variation,incomplete_generation,c0-clone,code_error,variation,variation,variation,variation,variation,variation,variation,variation,variation,variation,c0-clone
120,code_error,code_error,variation,incomplete_generation,incomplete_generation,variation,variation,variation,variation,variation,variation,variation,variation,code_error,variation
121,variation,variation,variation,incomplete_generation,variation,variation,variation,c0-clone,variation,variation,variation,variation,variation,variation,variation
122,variation,incomplete_generation,c1-clone,code_error,variation,variation,code_error,c0-clone,variation,variation,variation,variation,variation,variation,c0-clone
123,variation,variation,variation,incomplete_generation,code_error,variation,variation,c1-clone,variation,variation,incomplete_generation,variation,incomplete_generation,code_error,variation
124,variation,variation,variation,variation,variation,variation,variation,variation,variation,variation,variation,variation,incomplete_generation,variation,variation
125,variation,variation,variation,variation,variation,variation,variation,variation,variation,variation,variation,variation,variation,variation,variation
126,variation,incomplete_generation,incomplete_generation,incomplete_generation,variation,variation,incomplete_generation,variation,incomplete_generation,variation,incomplete_generation,incomplete_generation,variation,incomplete_generation,variation
127,variation,incomplete_generation,variation,code_error,code_error,variation,variation,variation,variation,variation,variation,variation,code_error,variation,variation
128,variation,incomplete_generation,variation,incomplete_generation,variation,incomplete_generation,variation,variation,variation,variation,variation,variation,single_color,variation,variation
129,incomplete_generation,code_error,variation,incomplete_generation,code_error,incomplete_generation,code_error,code_error,variation,incomplete_generation,incomplete_generation,variation,incomplete_generation,code_error,code_error
130,incomplete_generation,code_error,incomplete_generation,incomplete_generation,code_error,variation,variation,code_error,variation,code_error,variation,variation,variation,incomplete_generation,variation
131,variation,incomplete_generation,variation,incomplete_generation,variation,variation,variation,variation,variation,variation,variation,variation,variation,variation,variation
132,variation,code_error,variation,code_error,incomplete_generation,code_error,variation,variation,variation,variation,variation,variation,variation,variation,code_error
133,variation,incomplete_generation,variation,incomplete_generation,code_error,variation,variation,variation,variation,incomplete_generation,variation,variation,incomplete_generation,code_error,variation
134,code_error,incomplete_generation,c1-clone,code_error,incomplete_generation,variation,incomplete_generation,variation,variation,code_error,variation,variation,incomplete_generation,code_error,code_error
135,code_error,code_error,code_error,variation,code_error,code_error,code_error,code_error,code_error,code_error,variation,code_error,incomplete_generation,code_error,code_error
136,incomplete_generation,incomplete_generation,variation,incomplete_generation,variation,variation,incomplete_generation,variation,code_error,code_error,code_error,variation,incomplete_generation,code_error,code_error
137,code_error,code_error,variation,incomplete_generation,code_error,code_error,variation,variation,code_error,incomplete_generation,variation,code_error,variation,variation,variation
138,variation,variation,variation,code_error,code_error,variation,variation,variation,variation,variation,variation,variation,variation,variation,variation
139,code_error,incomplete_generation,code_error,incomplete_generation,incomplete_generation,code_error,incomplete_generation,code_error,incomplete_generation,incomplete_generation,variation,incomplete_generation,code_error,incomplete_generation,incomplete_generation
140,code_error,incomplete_generation,incomplete_generation,incomplete_generation,code_error,incomplete_generation,incomplete_generation,incomplete_generation,incomplete_generation,code_error,single_color,incomplete_generation,incomplete_generation,incomplete_generation,variation
141,variation,code_error,variation,code_error,code_error,variation,code_error,variation,variation,code_error,variation,code_error,code_error,variation,variation
142,code_error,incomplete_generation,variation,incomplete_generation,code_error,single_color,variation,code_error,variation,single_color,variation,code_error,code_error,single_color,code_error
143,incomplete_generation,code_error,incomplete_generation,incomplete_generation,single_color,incomplete_generation,incomplete_generation,incomplete_generation,incomplete_generation,incomplete_generation,incomplete_generation,incomplete_generation,incomplete_generation,incomplete_generation,incomplete_generation
144,incomplete_generation,code_error,incomplete_generation,variation,variation,incomplete_generation,variation,code_error,incomplete_generation,code_error,variation,code_error,code_error,code_error,code_error
145,code_error,code_error,code_error,incomplete_generation,variation,incomplete_generation,incomplete_generation,code_error,code_error,code_error,incomplete_generation,code_error,code_error,code_error,incomplete_generation
146,code_error,code_error,code_error,code_error,code_error,code_error,code_error,variation,code_error,code_error,single_color,code_error,code_error,code_error,code_error
147,variation,incomplete_generation,variation,incomplete_generation,code_error,incomplete_generation,incomplete_generation,single_color,code_error,variation,single_color,code_error,variation,single_color,code_error
148,c2-clone,code_error,c2-clone,incomplete_generation,variation,variation,variation,c2-clone,c2-clone,c2-clone,c4-clone,c4-clone,c2-clone,c2-clone,c0-clone
149,variation,code_error,c2-clone,code_error,incomplete_generation,single_color,variation,variation,variation,variation,code_error,single_color,single_color,c2-clone,c2-clone
150,incomplete_generation,code_error,code_error,code_error,code_error,code_error,code_error,code_error,code_error,incomplete_generation,code_error,incomplete_generation,incomplete_generation,incomplete_generation,code_error
151,incomplete_generation,incomplete_generation,incomplete_generation,incomplete_generation,code_error,incomplete_generation,code_error,code_error,code_error,incomplete_generation,incomplete_generation,code_error,incomplete_generation,incomplete_generation,incomplete_generation
152,variation,variation,variation,code_error,code_error,code_error,code_error,code_error,variation,variation,variation,code_error,variation,variation,code_error
153,variation,variation,code_error,variation,code_error,code_error,code_error,variation,variation,incomplete_generation,variation,variation,variation,code_error,code_error
154,code_error,code_error,code_error,code_error,code_error,variation,code_error,variation,code_error,variation,variation,code_error,code_error,variation,variation
155,variation,code_error,code_error,single_color,code_error,variation,variation,code_error,variation,incomplete_generation,variation,variation,single_color,code_error,code_error
156,code_error,incomplete_generation,code_error,variation,variation,code_error,code_error,code_error,code_error,code_error,variation,code_error,code_error,code_error,code_error
157,code_error,code_error,code_error,incomplete_generation,incomplete_generation,code_error,code_error,code_error,variation,code_error,variation,variation,code_error,incomplete_generation,code_error
158,code_error,variation,code_error,incomplete_generation,code_error,code_error,code_error,incomplete_generation,code_error,incomplete_generation,code_error,incomplete_generation,code_error,incomplete_generation,code_error
159,code_error,incomplete_generation,variation,incomplete_generation,code_error,code_error,variation,variation,incomplete_generation,code_error,code_error,code_error,code_error,variation,variation
160,code_error,single_color,variation,code_error,incomplete_generation,code_error,variation,variation,variation,incomplete_generation,variation,variation,variation,variation,variation
161,incomplete_generation,incomplete_generation,variation,incomplete_generation,incomplete_generation,incomplete_generation,incomplete_generation,variation,variation,code_error,code_error,code_error,incomplete_generation,code_error,code_error
162,variation,code_error,code_error,code_error,code_error,variation,variation,variation,variation,variation,variation,code_error,code_error,variation,variation
163,c0-clone,variation,c0-clone,variation,variation,variation,c1-clone,c0-clone,c0-clone,c0-clone,c1-clone,c1-clone,c1-clone,c1-clone,c0-clone
164,incomplete_generation,incomplete_generation,variation,incomplete_generation,code_error,incomplete_generation,variation,variation,single_color,variation,single_color,variation,single_color,variation,variation
165,variation,code_error,variation,code_error,code_error,incomplete_generation,code_error,variation,variation,variation,variation,incomplete_generation,code_error,variation,incomplete_generation
166,variation,incomplete_generation,code_error,incomplete_generation,incomplete_generation,single_color,incomplete_generation,variation,variation,incomplete_generation,single_color,variation,single_color,variation,variation
167,variation,incomplete_generation,variation,incomplete_generation,code_error,code_error,variation,variation,variation,code_error,code_error,code_error,code_error,code_error,code_error
168,variation,code_error,variation,incomplete_generation,code_error,incomplete_generation,variation,variation,code_error,incomplete_generation,incomplete_generation,variation,variation,variation,variation
169,code_error,variation,variation,incomplete_generation,code_error,variation,variation,variation,code_error,variation,variation,variation,variation,variation,code_error
170,incomplete_generation,incomplete_generation,code_error,code_error,code_error,incomplete_generation,variation,incomplete_generation,incomplete_generation,incomplete_generation,variation,incomplete_generation,incomplete_generation,incomplete_generation,incomplete_generation
171,code_error,incomplete_generation,variation,incomplete_generation,code_error,code_error,variation,variation,variation,variation,code_error,variation,code_error,variation,variation
172,incomplete_generation,incomplete_generation,variation,incomplete_generation,incomplete_generation,code_error,incomplete_generation,variation,incomplete_generation,incomplete_generation,code_error,incomplete_generation,variation,variation,code_error
173,code_error,code_error,single_color,incomplete_generation,incomplete_generation,incomplete_generation,code_error,incomplete_generation,single_color,variation,incomplete_generation,incomplete_generation,code_error,single_color,variation
174,incomplete_generation,variation,variation,variation,variation,incomplete_generation,c4-clone,incomplete_generation,variation,incomplete_generation,variation,c4-clone,incomplete_generation,incomplete_generation,incomplete_generation
175,variation,variation,c2-clone,variation,code_error,variation,variation,c4-clone,variation,variation,variation,variation,variation,variation,variation
176,variation,variation,variation,code_error,code_error,variation,variation,variation,variation,variation,variation,variation,variation,variation,variation
177,variation,variation,variation,variation,incomplete_generation,incomplete_generation,variation,variation,code_error,variation,variation,variation,variation,variation,variation
178,variation,variation,variation,incomplete_generation,code_error,variation,variation,variation,variation,variation,variation,variation,variation,variation,incomplete_generation
179,variation,incomplete_generation,variation,code_error,variation,variation,variation,variation,variation,variation,variation,variation,variation,variation,variation
180,incomplete_generation,incomplete_generation,incomplete_generation,incomplete_generation,code_error,code_error,code_error,incomplete_generation,variation,incomplete_generation,variation,code_error,incomplete_generation,variation,incomplete_generation
181,code_error,variation,code_error,variation,code_error,variation,variation,incomplete_generation,variation,incomplete_generation,incomplete_generation,incomplete_generation,variation,code_error,code_error
182,variation,code_error,variation,code_error,code_error,variation,variation,variation,variation,variation,variation,variation,variation,variation,variation
183,variation,variation,code_error,variation,variation,variation,code_error,code_error,code_error,variation,variation,variation,code_error,code_error,variation
184,code_error,incomplete_generation,variation,incomplete_generation,code_error,variation,incomplete_generation,code_error,incomplete_generation,incomplete_generation,variation,incomplete_generation,incomplete_generation,incomplete_generation,code_error
185,code_error,code_error,code_error,code_error,code_error,code_error,code_error,code_error,incomplete_generation,incomplete_generation,code_error,incomplete_generation,incomplete_generation,code_error,code_error
186,variation,variation,variation,variation,variation,variation,variation,variation,variation,variation,variation,variation,variation,variation,variation
187,variation,incomplete_generation,variation,incomplete_generation,incomplete_generation,variation,variation,c2-clone,variation,variation,variation,variation,variation,variation,variation
188,code_error,incomplete_generation,c4-clone,incomplete_generation,code_error,c4-clone,c4-clone,c4-clone,code_error,c4-clone,code_error,code_error,code_error,c4-clone,c4-clone
189,variation,code_error,code_error,code_error,code_error,variation,variation,variation,variation,variation,variation,variation,variation,variation,code_error
190,incomplete_generation,incomplete_generation,single_color,code_error,incomplete_generation,single_color,code_error,variation,incomplete_generation,variation,variation,variation,variation,variation,variation
191,incomplete_generation,incomplete_generation,incomplete_generation,incomplete_generation,code_error,variation,incomplete_generation,incomplete_generation,code_error,code_error,incomplete_generation,incomplete_generation,variation,single_color,variation
192,variation,incomplete_generation,variation,incomplete_generation,incomplete_generation,variation,variation,variation,variation,incomplete_generation,code_error,variation,incomplete_generation,code_error,variation
193,incomplete_generation,incomplete_generation,incomplete_generation,incomplete_generation,incomplete_generation,code_error,code_error,code_error,variation,incomplete_generation,code_error,code_error,incomplete_generation,code_error,code_error
194,variation,incomplete_generation,variation,incomplete_generation,code_error,variation,incomplete_generation,code_error,code_error,code_error,code_error,variation,incomplete_generation,variation,incomplete_generation
195,c1-clone,incomplete_generation,c1-clone,code_error,incomplete_generation,c1-clone,c1-clone,c0-clone,variation,c1-clone,variation,variation,c1-clone,c0-clone,variation
196,incomplete_generation,incomplete_generation,variation,incomplete_generation,code_error,variation,variation,variation,variation,incomplete_generation,code_error,variation,incomplete_generation,incomplete_generation,variation
197,single_color,incomplete_generation,variation,code_error,code_error,variation,variation,variation,variation,code_error,code_error,code_error,incomplete_generation,variation,variation
198,variation,incomplete_generation,variation,incomplete_generation,code_error,variation,variation,single_color,variation,incomplete_generation,variation,incomplete_generation,incomplete_generation,variation,variation
199,variation,code_error,code_error,code_error,code_error,variation,variation,variation,variation,variation,incomplete_generation,variation,variation,variation,variation
200,incomplete_generation,incomplete_generation,incomplete_generation,incomplete_generation,incomplete_generation,variation,variation,variation,code_error,incomplete_generation,incomplete_generation,incomplete_generation,incomplete_generation,incomplete_generation,single_color
201,single_color,variation,variation,variation,variation,variation,variation,variation,variation,variation,variation,variation,variation,variation,variation
202,variation,incomplete_generation,variation,variation,code_error,variation,variation,single_color,variation,variation,variation,variation,variation,variation,single_color
203,variation,variation,c2-clone,code_error,code_error,variation,variation,c1-clone,variation,variation,variation,variation,variation,c1-clone,c4-clone
204,c4-clone,incomplete_generation,c4-clone,incomplete_generation,code_error,c4-clone,c4-clone,c4-clone,c4-clone,c4-clone,c4-clone,c4-clone,c4-clone,c4-clone,c4-clone
205,code_error,code_error,variation,code_error,code_error,variation,variation,variation,variation,variation,variation,variation,variation,variation,variation
206,incomplete_generation,incomplete_generation,variation,code_error,code_error,variation,code_error,variation,variation,code_error,code_error,code_error,code_error,variation,variation
207,variation,variation,variation,incomplete_generation,variation,incomplete_generation,incomplete_generation,variation,variation,variation,incomplete_generation,variation,incomplete_generation,variation,variation
208,c4-clone,code_error,c4-clone,variation,variation,variation,c4-clone,c4-clone,variation,c4-clone,c4-clone,variation,code_error,c4-clone,c4-clone
209,variation,incomplete_generation,variation,single_color,code_error,code_error,variation,variation,variation,variation,variation,variation,variation,code_error,variation
210,code_error,incomplete_generation,variation,code_error,code_error,code_error,variation,code_error,variation,code_error,single_color,single_color,variation,variation,single_color
211,variation,code_error,variation,code_error,code_error,variation,code_error,code_error,variation,variation,code_error,variation,variation,variation,variation
212,incomplete_generation,variation,c4-clone,variation,variation,variation,code_error,c4-clone,variation,code_error,variation,code_error,code_error,variation,incomplete_generation
213,single_color,code_error,variation,code_error,code_error,variation,incomplete_generation,variation,variation,variation,incomplete_generation,incomplete_generation,code_error,code_error,code_error
214,single_color,single_color,c2-clone,code_error,single_color,variation,single_color,c1-clone,single_color,variation,single_color,variation,variation,variation,c4-clone
215,variation,incomplete_generation,c1-clone,variation,code_error,c1-clone,c4-clone,c1-clone,c1-clone,variation,variation,c4-clone,variation,c1-clone,c1-clone
216,c1-clone,variation,c1-clone,variation,code_error,c1-clone,c0-clone,c0-clone,c1-clone,c1-clone,c1-clone,c0-clone,c1-clone,c0-clone,c4-clone
217,c4-clone,code_error,c4-clone,code_error,variation,c1-clone,c4-clone,c4-clone,c4-clone,variation,c4-clone,variation,c1-clone,c4-clone,c4-clone
218,c1-clone,variation,c1-clone,variation,variation,c1-clone,c1-clone,c1-clone,variation,c1-clone,c1-clone,variation,code_error,c1-clone,c1-clone
219,variation,incomplete_generation,variation,incomplete_generation,code_error,variation,variation,code_error,variation,variation,variation,variation,variation,variation,variation
220,code_error,incomplete_generation,code_error,code_error,code_error,code_error,code_error,code_error,code_error,code_error,code_error,code_error,code_error,code_error,code_error
221,code_error,code_error,code_error,code_error,code_error,code_error,code_error,code_error,code_error,code_error,code_error,code_error,code_error,code_error,code_error
222,code_error,code_error,variation,incomplete_generation,code_error,variation,variation,code_error,variation,code_error,variation,variation,code_error,code_error,variation
223,variation,incomplete_generation,variation,variation,code_error,variation,variation,code_error,variation,variation,variation,code_error,variation,variation,variation
224,code_error,incomplete_generation,code_error,incomplete_generation,code_error,incomplete_generation,code_error,code_error,incomplete_generation,code_error,incomplete_generation,incomplete_generation,code_error,incomplete_generation,code_error
225,single_color,single_color,variation,single_color,code_error,incomplete_generation,variation,variation,incomplete_generation,incomplete_generation,code_error,code_error,single_color,single_color,variation
226,variation,incomplete_generation,variation,incomplete_generation,code_error,variation,variation,variation,variation,code_error,variation,variation,code_error,code_error,incomplete_generation
227,incomplete_generation,code_error,variation,code_error,code_error,variation,code_error,variation,variation,code_error,variation,variation,incomplete_generation,code_error,code_error
228,variation,single_color,variation,incomplete_generation,code_error,variation,variation,variation,variation,variation,variation,variation,variation,code_error,variation
229,code_error,variation,code_error,variation,code_error,code_error,code_error,code_error,variation,variation,code_error,code_error,code_error,code_error,code_error
230,variation,incomplete_generation,variation,incomplete_generation,variation,variation,code_error,variation,code_error,variation,variation,variation,variation,variation,code_error
231,code_error,code_error,code_error,incomplete_generation,code_error,code_error,code_error,c4-clone,variation,c1-clone,code_error,variation,variation,code_error,c1-clone
232,code_error,incomplete_generation,variation,incomplete_generation,code_error,code_error,variation,variation,code_error,variation,code_error,variation,code_error,c1-clone,code_error
233,code_error,incomplete_generation,code_error,code_error,code_error,code_error,code_error,variation,code_error,code_error,code_error,code_error,incomplete_generation,code_error,code_error
234,incomplete_generation,incomplete_generation,variation,incomplete_generation,single_color,variation,code_error,variation,incomplete_generation,code_error,code_error,code_error,code_error,code_error,variation
235,code_error,code_error,code_error,incomplete_generation,code_error,code_error,code_error,code_error,code_error,code_error,code_error,code_error,code_error,code_error,code_error
236,code_error,code_error,c1-clone,code_error,code_error,code_error,code_error,code_error,code_error,code_error,code_error,code_error,code_error,c1-clone,c1-clone
237,code_error,code_error,c4-clone,variation,variation,variation,variation,c4-clone,incomplete_generation,c4-clone,c4-clone,c4-clone,variation,c4-clone,c4-clone
238,c4-clone,code_error,c4-clone,variation,code_error,c4-clone,c4-clone,variation,variation,variation,variation,c4-clone,variation,variation,variation
239,variation,variation,variation,variation,variation,variation,variation,variation,variation,variation,variation,variation,variation,variation,variation
240,c4-clone,variation,c1-clone,variation,code_error,variation,variation,c1-clone,variation,c1-clone,variation,variation,variation,c1-clone,c1-clone
241,variation,incomplete_generation,variation,incomplete_generation,code_error,code_error,variation,variation,variation,variation,variation,variation,incomplete_generation,variation,variation
242,incomplete_generation,variation,incomplete_generation,single_color,code_error,single_color,variation,variation,variation,code_error,incomplete_generation,variation,single_color,code_error,incomplete_generation
243,incomplete_generation,incomplete_generation,single_color,incomplete_generation,incomplete_generation,variation,variation,single_color,code_error,code_error,incomplete_generation,incomplete_generation,code_error,single_color,variation
244,variation,variation,variation,code_error,variation,variation,variation,variation,variation,variation,variation,variation,variation,variation,variation
245,c4-clone,incomplete_generation,variation,variation,code_error,c4-clone,c4-clone,c4-clone,variation,c4-clone,c4-clone,c4-clone,variation,c4-clone,c4-clone
246,variation,incomplete_generation,variation,code_error,code_error,variation,variation,variation,code_error,variation,variation,variation,incomplete_generation,variation,variation
247,variation,incomplete_generation,variation,incomplete_generation,variation,variation,variation,variation,variation,variation,variation,variation,variation,variation,variation
248,variation,code_error,c4-clone,code_error,code_error,code_error,variation,c4-clone,variation,variation,c4-clone,variation,variation,variation,variation
249,incomplete_generation,incomplete_generation,variation,variation,code_error,incomplete_generation,variation,incomplete_generation,variation,variation,incomplete_generation,incomplete_generation,incomplete_generation,incomplete_generation,variation
250,variation,code_error,code_error,incomplete_generation,code_error,incomplete_generation,variation,code_error,variation,code_error,variation,variation,code_error,code_error,code_error
251,variation,incomplete_generation,c1-clone,incomplete_generation,code_error,variation,c4-clone,c1-clone,c1-clone,c4-clone,variation,variation,variation,c4-clone,c1-clone
252,incomplete_generation,incomplete_generation,variation,code_error,code_error,variation,variation,incomplete_generation,incomplete_generation,variation,incomplete_generation,incomplete_generation,variation,variation,variation
253,incomplete_generation,code_error,code_error,code_error,code_error,variation,code_error,variation,variation,variation,variation,variation,variation,incomplete_generation,variation
254,c4-clone,incomplete_generation,c4-clone,incomplete_generation,code_error,variation,c4-clone,c4-clone,c4-clone,c4-clone,c4-clone,c4-clone,c4-clone,c4-clone,c4-clone
255,code_error,code_error,variation,incomplete_generation,code_error,variation,variation,incomplete_generation,incomplete_generation,code_error,incomplete_generation,code_error,code_error,code_error,variation
256,variation,incomplete_generation,variation,incomplete_generation,code_error,incomplete_generation,variation,incomplete_generation,variation,variation,variation,incomplete_generation,code_error,variation,variation
257,c1-clone,c1-clone,c1-clone,c1-clone,variation,c1-clone,c1-clone,c1-clone,c1-clone,c1-clone,c1-clone,c1-clone,c1-clone,c1-clone,c1-clone
258,variation,code_error,variation,incomplete_generation,variation,variation,variation,variation,variation,variation,variation,code_error,variation,variation,variation
259,c4-clone,c4-clone,c4-clone,code_error,c4-clone,c4-clone,c4-clone,c4-clone,c4-clone,incomplete_generation,c4-clone,c4-clone,c4-clone,c4-clone,c4-clone
260,variation,variation,variation,variation,variation,variation,variation,variation,variation,variation,variation,variation,variation,variation,variation
261,variation,variation,c4-clone,code_error,variation,variation,variation,c4-clone,variation,incomplete_generation,variation,variation,code_error,variation,c4-clone
262,variation,variation,variation,code_error,incomplete_generation,incomplete_generation,code_error,variation,incomplete_generation,variation,variation,variation,variation,variation,incomplete_generation
263,single_color,incomplete_generation,variation,variation,single_color,variation,variation,variation,variation,variation,code_error,variation,variation,variation,variation
264,code_error,code_error,incomplete_generation,incomplete_generation,code_error,incomplete_generation,incomplete_generation,incomplete_generation,incomplete_generation,incomplete_generation,code_error,code_error,incomplete_generation,incomplete_generation,incomplete_generation
265,code_error,code_error,code_error,code_error,code_error,incomplete_generation,incomplete_generation,incomplete_generation,code_error,incomplete_generation,incomplete_generation,code_error,code_error,incomplete_generation,code_error
266,incomplete_generation,incomplete_generation,code_error,incomplete_generation,variation,incomplete_generation,variation,variation,code_error,incomplete_generation,incomplete_generation,code_error,incomplete_generation,single_color,incomplete_generation
267,code_error,incomplete_generation,variation,variation,single_color,incomplete_generation,variation,variation,variation,incomplete_generation,code_error,code_error,variation,variation,variation
268,variation,incomplete_generation,variation,code_error,variation,variation,code_error,variation,variation,variation,variation,variation,variation,variation,variation
269,variation,code_error,variation,single_color,variation,single_color,variation,code_error,variation,variation,variation,variation,variation,variation,variation
270,variation,code_error,variation,variation,variation,variation,variation,variation,variation,variation,variation,code_error,variation,variation,variation
271,variation,variation,variation,variation,variation,code_error,variation,variation,variation,variation,variation,variation,variation,variation,variation
272,incomplete_generation,code_error,incomplete_generation,incomplete_generation,code_error,code_error,code_error,incomplete_generation,incomplete_generation,code_error,code_error,code_error,incomplete_generation,code_error,incomplete_generation
273,variation,variation,incomplete_generation,incomplete_generation,code_error,variation,variation,variation,single_color,code_error,variation,incomplete_generation,variation,code_error,code_error
274,c4-clone,c4-clone,c4-clone,c4-clone,variation,c4-clone,c4-clone,c4-clone,c4-clone,c4-clone,c4-clone,c4-clone,c4-clone,c4-clone,c4-clone
275,incomplete_generation,incomplete_generation,incomplete_generation,code_error,code_error,variation,code_error,incomplete_generation,variation,incomplete_generation,incomplete_generation,incomplete_generation,code_error,incomplete_generation,incomplete_generation
276,incomplete_generation,incomplete_generation,incomplete_generation,incomplete_generation,incomplete_generation,variation,variation,incomplete_generation,incomplete_generation,incomplete_generation,variation,incomplete_generation,incomplete_generation,incomplete_generation,incomplete_generation
277,incomplete_generation,incomplete_generation,variation,incomplete_generation,code_error,incomplete_generation,variation,variation,variation,variation,variation,variation,code_error,variation,incomplete_generation
278,code_error,code_error,variation,variation,variation,code_error,code_error,code_error,code_error,code_error,variation,variation,code_error,code_error,code_error
279,variation,variation,code_error,code_error,variation,variation,variation,variation,variation,variation,variation,variation,variation,variation,variation
280,incomplete_generation,variation,code_error,code_error,code_error,variation,code_error,variation,variation,incomplete_generation,variation,code_error,code_error,code_error,code_error
281,c4-clone,variation,c4-clone,variation,c4-clone,c4-clone,c4-clone,c4-clone,c4-clone,c4-clone,c4-clone,c4-clone,c4-clone,c4-clone,c4-clone
282,incomplete_generation,incomplete_generation,variation,code_error,code_error,variation,variation,variation,code_error,incomplete_generation,variation,variation,variation,incomplete_generation,variation
283,c4-clone,variation,c2-clone,incomplete_generation,variation,c4-clone,c2-clone,c4-clone,c2-clone,c2-clone,c4-clone,variation,variation,c2-clone,c4-clone
284,code_error,code_error,incomplete_generation,incomplete_generation,code_error,incomplete_generation,variation,incomplete_generation,variation,code_error,code_error,incomplete_generation,incomplete_generation,code_error,code_error
285,variation,incomplete_generation,variation,incomplete_generation,incomplete_generation,variation,code_error,incomplete_generation,single_color,variation,variation,variation,code_error,code_error,incomplete_generation
286,variation,variation,variation,variation,code_error,variation,single_color,variation,variation,variation,variation,variation,variation,single_color,variation
287,incomplete_generation,code_error,incomplete_generation,code_error,code_error,single_color,code_error,code_error,code_error,incomplete_generation,code_error,single_color,incomplete_generation,incomplete_generation,incomplete_generation
288,code_error,single_color,incomplete_generation,single_color,code_error,incomplete_generation,variation,incomplete_generation,incomplete_generation,code_error,incomplete_generation,single_color,single_color,incomplete_generation,code_error
289,variation,incomplete_generation,code_error,variation,code_error,incomplete_generation,variation,single_color,variation,code_error,single_color,variation,incomplete_generation,variation,variation
290,variation,incomplete_generation,variation,variation,code_error,code_error,incomplete_generation,variation,variation,variation,variation,code_error,code_error,variation,variation
291,variation,incomplete_generation,variation,code_error,variation,single_color,code_error,variation,variation,variation,variation,variation,variation,single_color,variation
292,variation,code_error,variation,code_error,code_error,code_error,variation,variation,code_error,code_error,variation,variation,code_error,variation,variation
293,code_error,code_error,variation,incomplete_generation,code_error,code_error,variation,code_error,code_error,variation,variation,variation,code_error,variation,variation
294,incomplete_generation,code_error,incomplete_generation,code_error,code_error,code_error,variation,variation,variation,variation,variation,incomplete_generation,variation,variation,variation
295,incomplete_generation,code_error,incomplete_generation,variation,code_error,incomplete_generation,code_error,variation,incomplete_generation,variation,variation,incomplete_generation,incomplete_generation,variation,variation
296,incomplete_generation,code_error,variation,code_error,code_error,incomplete_generation,incomplete_generation,incomplete_generation,variation,variation,incomplete_generation,incomplete_generation,variation,incomplete_generation,incomplete_generation
297,incomplete_generation,incomplete_generation,incomplete_generation,incomplete_generation,code_error,incomplete_generation,incomplete_generation,variation,incomplete_generation,incomplete_generation,incomplete_generation,incomplete_generation,code_error,incomplete_generation,variation
298,incomplete_generation,code_error,incomplete_generation,incomplete_generation,incomplete_generation,code_error,code_error,code_error,variation,code_error,incomplete_generation,code_error,code_error,variation,variation
299,incomplete_generation,incomplete_generation,variation,incomplete_generation,single_color,code_error,code_error,variation,single_color,variation,code_error,variation,code_error,variation,single_color
300,incomplete_generation,incomplete_generation,variation,incomplete_generation,variation,single_color,code_error,single_color,variation,single_color,variation,variation,variation,incomplete_generation,variation
301,single_color,incomplete_generation,variation,variation,code_error,variation,single_color,variation,incomplete_generation,variation,single_color,variation,variation,variation,variation
302,variation,variation,variation,variation,variation,variation,variation,variation,variation,variation,variation,variation,variation,code_error,incomplete_generation
303,variation,variation,variation,variation,variation,variation,code_error,code_error,variation,incomplete_generation,variation,variation,variation,variation,variation
304,variation,code_error,variation,code_error,code_error,single_color,variation,variation,single_color,variation,variation,code_error,variation,variation,code_error
305,incomplete_generation,incomplete_generation,variation,variation,single_color,incomplete_generation,incomplete_generation,code_error,incomplete_generation,code_error,variation,code_error,incomplete_generation,variation,variation
306,incomplete_generation,code_error,variation,code_error,code_error,variation,variation,variation,variation,variation,variation,single_color,variation,variation,variation
307,variation,variation,variation,variation,code_error,variation,variation,variation,variation,variation,variation,variation,incomplete_generation,variation,variation
308,variation,incomplete_generation,variation,incomplete_generation,variation,variation,variation,variation,variation,incomplete_generation,variation,single_color,variation,variation,variation
309,code_error,variation,variation,variation,single_color,variation,variation,code_error,variation,variation,variation,variation,variation,variation,variation
310,c4-clone,variation,c1-clone,variation,code_error,variation,code_error,c1-clone,c1-clone,c1-clone,variation,code_error,variation,c1-clone,c1-clone
311,variation,variation,variation,variation,code_error,variation,variation,incomplete_generation,variation,variation,variation,variation,variation,variation,variation
312,variation,code_error,variation,variation,code_error,variation,variation,variation,code_error,variation,variation,variation,incomplete_generation,code_error,code_error
313,variation,incomplete_generation,c1-clone,single_color,incomplete_generation,single_color,variation,c1-clone,variation,variation,variation,code_error,variation,variation,c1-clone
314,code_error,incomplete_generation,incomplete_generation,incomplete_generation,incomplete_generation,incomplete_generation,variation,code_error,incomplete_generation,incomplete_generation,code_error,code_error,variation,incomplete_generation,variation
315,incomplete_generation,incomplete_generation,variation,incomplete_generation,variation,incomplete_generation,variation,incomplete_generation,incomplete_generation,variation,incomplete_generation,variation,variation,variation,variation
316,variation,incomplete_generation,variation,incomplete_generation,code_error,incomplete_generation,variation,variation,variation,variation,variation,variation,variation,variation,variation
317,variation,incomplete_generation,code_error,incomplete_generation,code_error,code_error,incomplete_generation,variation,variation,incomplete_generation,incomplete_generation,variation,code_error,incomplete_generation,incomplete_generation
318,c4-clone,code_error,c4-clone,incomplete_generation,c4-clone,code_error,c4-clone,code_error,c4-clone,code_error,c4-clone,c4-clone,c4-clone,c4-clone,c4-clone
319,variation,variation,code_error,incomplete_generation,variation,variation,variation,code_error,code_error,variation,variation,variation,variation,variation,variation
320,incomplete_generation,code_error,incomplete_generation,code_error,variation,variation,incomplete_generation,variation,variation,variation,code_error,variation,code_error,incomplete_generation,incomplete_generation
321,variation,variation,code_error,code_error,variation,variation,variation,variation,variation,variation,variation,code_error,variation,code_error,variation
322,variation,incomplete_generation,variation,variation,incomplete_generation,variation,incomplete_generation,code_error,code_error,incomplete_generation,variation,code_error,code_error,code_error,incomplete_generation
323,code_error,code_error,variation,incomplete_generation,incomplete_generation,incomplete_generation,code_error,variation,variation,variation,variation,code_error,code_error,code_error,code_error
324,variation,incomplete_generation,variation,code_error,variation,variation,variation,variation,code_error,variation,variation,variation,variation,variation,variation
325,variation,code_error,variation,code_error,code_error,variation,variation,incomplete_generation,incomplete_generation,variation,code_error,variation,incomplete_generation,variation,variation
326,variation,variation,variation,variation,variation,code_error,variation,variation,variation,variation,variation,variation,variation,variation,variation
327,code_error,code_error,incomplete_generation,incomplete_generation,code_error,c4-clone,c4-clone,c4-clone,incomplete_generation,c4-clone,code_error,c4-clone,incomplete_generation,incomplete_generation,incomplete_generation
328,variation,incomplete_generation,variation,incomplete_generation,incomplete_generation,incomplete_generation,variation,variation,variation,variation,variation,incomplete_generation,incomplete_generation,variation,variation
329,c1-clone,code_error,c1-clone,incomplete_generation,variation,c4-clone,c1-clone,c1-clone,c1-clone,c4-clone,c1-clone,code_error,variation,c1-clone,c1-clone
330,c4-clone,variation,c0-clone,incomplete_generation,code_error,c1-clone,c1-clone,c0-clone,c1-clone,c1-clone,c1-clone,c0-clone,c1-clone,c1-clone,c1-clone
331,incomplete_generation,variation,code_error,variation,variation,incomplete_generation,code_error,c4-clone,code_error,incomplete_generation,code_error,code_error,variation,code_error,code_error
332,incomplete_generation,code_error,code_error,code_error,code_error,incomplete_generation,variation,code_error,code_error,incomplete_generation,incomplete_generation,code_error,incomplete_generation,code_error,code_error
333,incomplete_generation,incomplete_generation,incomplete_generation,code_error,incomplete_generation,code_error,incomplete_generation,variation,incomplete_generation,incomplete_generation,variation,code_error,incomplete_generation,code_error,variation
334,code_error,incomplete_generation,code_error,single_color,code_error,single_color,variation,code_error,variation,variation,code_error,variation,incomplete_generation,variation,variation
335,c4-clone,variation,c4-clone,variation,code_error,variation,c4-clone,c4-clone,c4-clone,variation,c2-clone,c2-clone,c2-clone,c4-clone,c4-clone
336,variation,variation,c1-clone,code_error,variation,variation,c1-clone,c0-clone,c1-clone,c1-clone,c1-clone,variation,variation,c1-clone,c1-clone
337,variation,variation,variation,variation,code_error,variation,variation,variation,variation,variation,variation,variation,variation,variation,variation
338,incomplete_generation,code_error,incomplete_generation,incomplete_generation,code_error,incomplete_generation,code_error,code_error,code_error,code_error,code_error,code_error,incomplete_generation,code_error,incomplete_generation
339,code_error,single_color,variation,variation,code_error,variation,variation,code_error,single_color,variation,code_error,code_error,variation,code_error,code_error
340,variation,code_error,c4-clone,code_error,code_error,code_error,variation,variation,variation,variation,variation,c4-clone,c4-clone,variation,variation
341,c1-clone,variation,c0-clone,code_error,code_error,c0-clone,c1-clone,c0-clone,c1-clone,c1-clone,c1-clone,c0-clone,c1-clone,c0-clone,c1-clone
342,c1-clone,incomplete_generation,c1-clone,incomplete_generation,variation,variation,c1-clone,c1-clone,c1-clone,c4-clone,c1-clone,c4-clone,c4-clone,c1-clone,c1-clone
343,incomplete_generation,variation,c4-clone,code_error,variation,variation,variation,variation,variation,c1-clone,variation,variation,code_error,variation,variation
344,variation,code_error,code_error,incomplete_generation,code_error,code_error,code_error,variation,code_error,variation,variation,variation,variation,code_error,code_error
345,variation,incomplete_generation,variation,incomplete_generation,code_error,variation,variation,variation,variation,c4-clone,variation,c4-clone,variation,c4-clone,c4-clone
346,variation,incomplete_generation,variation,code_error,code_error,code_error,variation,variation,variation,code_error,code_error,code_error,variation,variation,variation
347,incomplete_generation,incomplete_generation,variation,variation,code_error,variation,code_error,incomplete_generation,variation,incomplete_generation,code_error,variation,code_error,incomplete_generation,incomplete_generation
348,variation,variation,variation,variation,variation,variation,variation,variation,variation,variation,variation,variation,code_error,code_error,variation
349,variation,variation,variation,code_error,variation,variation,variation,variation,incomplete_generation,variation,variation,code_error,variation,incomplete_generation,variation
350,variation,incomplete_generation,code_error,incomplete_generation,code_error,code_error,variation,code_error,code_error,code_error,incomplete_generation,variation,variation,code_error,code_error
351,incomplete_generation,variation,variation,variation,code_error,code_error,incomplete_generation,variation,single_color,code_error,code_error,variation,variation,code_error,code_error
352,c1-clone,code_error,c1-clone,code_error,code_error,c1-clone,c1-clone,c1-clone,c0-clone,c1-clone,c1-clone,c1-clone,c1-clone,c1-clone,c0-clone
353,code_error,incomplete_generation,code_error,incomplete_generation,code_error,code_error,code_error,code_error,c2-clone,code_error,c1-clone,code_error,c2-clone,code_error,code_error
354,code_error,code_error,code_error,incomplete_generation,code_error,code_error,code_error,code_error,code_error,code_error,code_error,code_error,code_error,code_error,code_error
355,code_error,incomplete_generation,code_error,incomplete_generation,code_error,incomplete_generation,code_error,code_error,code_error,code_error,incomplete_generation,code_error,code_error,code_error,incomplete_generation
356,code_error,code_error,code_error,incomplete_generation,code_error,code_error,code_error,code_error,code_error,code_error,code_error,incomplete_generation,code_error,incomplete_generation,incomplete_generation
357,code_error,code_error,code_error,code_error,code_error,code_error,code_error,incomplete_generation,code_error,code_error,code_error,code_error,code_error,code_error,code_error
358,incomplete_generation,incomplete_generation,code_error,code_error,code_error,code_error,code_error,code_error,code_error,code_error,code_error,code_error,code_error,code_error,code_error
359,variation,incomplete_generation,code_error,variation,variation,code_error,code_error,code_error,variation,variation,incomplete_generation,variation,code_error,variation,code_error
360,variation,code_error,variation,code_error,code_error,variation,variation,variation,variation,code_error,variation,variation,variation,variation,variation
361,variation,incomplete_generation,variation,code_error,code_error,variation,variation,variation,variation,variation,variation,variation,variation,variation,variation
362,variation,incomplete_generation,variation,incomplete_generation,incomplete_generation,variation,incomplete_generation,variation,variation,variation,code_error,variation,variation,variation,code_error
363,variation,variation,variation,variation,code_error,variation,c4-clone,c4-clone,c4-clone,c4-clone,c4-clone,c4-clone,variation,variation,c4-clone
364,c4-clone,variation,c4-clone,variation,code_error,variation,c4-clone,c4-clone,c4-clone,c4-clone,c4-clone,variation,c4-clone,c4-clone,c4-clone
365,variation,variation,variation,code_error,code_error,incomplete_generation,variation,variation,variation,variation,variation,variation,variation,variation,c1-clone
366,variation,code_error,variation,code_error,code_error,variation,variation,variation,variation,variation,variation,variation,variation,variation,variation
367,c1-clone,code_error,c0-clone,code_error,code_error,code_error,c4-clone,c0-clone,c4-clone,c4-clone,c4-clone,code_error,c4-clone,c1-clone,c0-clone
368,code_error,incomplete_generation,variation,incomplete_generation,variation,variation,incomplete_generation,variation,code_error,variation,code_error,code_error,single_color,code_error,code_error
369,code_error,incomplete_generation,code_error,single_color,code_error,code_error,code_error,code_error,code_error,code_error,code_error,code_error,incomplete_generation,code_error,code_error
370,incomplete_generation,incomplete_generation,code_error,incomplete_generation,variation,code_error,incomplete_generation,code_error,single_color,variation,single_color,variation,code_error,variation,variation
371,c4-clone,incomplete_generation,variation,code_error,c4-clone,incomplete_generation,c4-clone,single_color,single_color,c4-clone,c4-clone,single_color,single_color,code_error,single_color
372,variation,incomplete_generation,variation,variation,variation,variation,variation,variation,variation,variation,code_error,variation,code_error,variation,variation
373,code_error,code_error,variation,code_error,code_error,code_error,code_error,code_error,code_error,code_error,variation,code_error,variation,code_error,variation
374,variation,incomplete_generation,variation,code_error,code_error,code_error,variation,c1-clone,variation,variation,variation,code_error,variation,variation,variation
375,c4-clone,incomplete_generation,c4-clone,incomplete_generation,code_error,code_error,c4-clone,c4-clone,c4-clone,variation,c4-clone,variation,variation,c4-clone,c4-clone
376,variation,incomplete_generation,variation,incomplete_generation,single_color,variation,code_error,variation,code_error,code_error,variation,variation,variation,variation,variation
377,code_error,incomplete_generation,code_error,incomplete_generation,code_error,code_error,code_error,code_error,incomplete_generation,incomplete_generation,incomplete_generation,variation,code_error,incomplete_generation,code_error
378,variation,incomplete_generation,variation,code_error,single_color,single_color,variation,c1-clone,variation,variation,code_error,variation,variation,variation,c1-clone
379,incomplete_generation,incomplete_generation,code_error,code_error,incomplete_generation,incomplete_generation,variation,code_error,variation,incomplete_generation,incomplete_generation,code_error,code_error,incomplete_generation,incomplete_generation
380,code_error,variation,code_error,variation,variation,code_error,variation,code_error,code_error,code_error,incomplete_generation,variation,code_error,variation,code_error
381,code_error,code_error,variation,code_error,code_error,code_error,code_error,variation,code_error,variation,code_error,code_error,variation,code_error,variation
382,variation,incomplete_generation,code_error,code_error,code_error,incomplete_generation,code_error,c4-clone,c4-clone,code_error,incomplete_generation,incomplete_generation,incomplete_generation,code_error,code_error
383,variation,incomplete_generation,c4-clone,incomplete_generation,code_error,variation,c2-clone,c4-clone,c4-clone,c1-clone,c4-clone,code_error,c4-clone,c4-clone,c4-clone
384,variation,variation,variation,code_error,code_error,incomplete_generation,variation,code_error,variation,variation,code_error,variation,variation,variation,variation
385,variation,code_error,code_error,code_error,code_error,variation,variation,variation,variation,variation,variation,variation,code_error,variation,variation
386,code_error,code_error,variation,incomplete_generation,code_error,variation,variation,variation,variation,variation,variation,variation,variation,variation,variation
387,code_error,incomplete_generation,code_error,incomplete_generation,code_error,variation,code_error,code_error,variation,code_error,variation,code_error,code_error,code_error,code_error
388,incomplete_generation,incomplete_generation,code_error,code_error,code_error,code_error,code_error,code_error,variation,code_error,code_error,code_error,incomplete_generation,code_error,incomplete_generation
389,code_error,incomplete_generation,code_error,variation,code_error,code_error,code_error,code_error,incomplete_generation,code_error,code_error,code_error,code_error,code_error,code_error
390,incomplete_generation,incomplete_generation,incomplete_generation,incomplete_generation,code_error,incomplete_generation,code_error,incomplete_generation,incomplete_generation,code_error,incomplete_generation,incomplete_generation,incomplete_generation,incomplete_generation,incomplete_generation
391,incomplete_generation,code_error,incomplete_generation,code_error,incomplete_generation,incomplete_generation,code_error,code_error,incomplete_generation,incomplete_generation,incomplete_generation,incomplete_generation,incomplete_generation,incomplete_generation,variation
392,incomplete_generation,incomplete_generation,incomplete_generation,incomplete_generation,incomplete_generation,incomplete_generation,incomplete_generation,code_error,incomplete_generation,incomplete_generation,incomplete_generation,code_error,incomplete_generation,incomplete_generation,incomplete_generation
393,variation,incomplete_generation,variation,incomplete_generation,code_error,variation,code_error,variation,variation,variation,variation,variation,variation,variation,variation
